State,Image,Senator,Party,Party.1,Born,Occupation(s),Previous  office(s),Assumed office,Term up,Residence,PVI_x,Party of  governor,Party  in Senate,House  balance,PVI_y,Incumbent,Last result,Cook,IE,Sabato,Daily Kos,Politico,RCP,Niskanen,270towin,Safe R,Likely R,Lean R,Tilt R,Tossup,Safe D,Likely D,Lean D,Tilt D,Consensus,Max,Confidence,split,result,I Party
Alabama,,Richard Shelby,,Republican,(age 86),Lawyer,U.S. House  Alabama Senate,"January 3, 1987",2022,Tuscaloosa  [1],,,,,,,,,,,,,,,,,,,,,,,,,,,,,,
Alabama,,Doug Jones,,Democratic,(age 66),Lawyer,"Staff counsel,  U.S. Senate Judiciary Committee  U.S. Attorney for the Northern District of Alabama","January 3, 2018  [d]",2020,Birmingham  [1],R+14,Republican,Both,"6R, 1D",R+14,Doug Jones,50.0% D  (2017 special)  [d],Lean R  (flip),Lean R  (flip),Likely R  (flip),Likely R  (flip),Lean R  (flip),Likely R  (flip),Lean R  (flip),Safe R  (flip),0.0,3.0,4.0,0.0,0.0,0.0,0.0,0.0,0.0,Lean R,4.0,0.5714285714285714,"['50.0%', 'D', '', '(2017', 'special)', ' [d]']",50.0%,D
Alaska,,Lisa Murkowski,,Republican,(age 63),Lawyer,Alaska House of Representatives,"December 20, 2002",2022,Anchorage  [3],,,,,,,,,,,,,,,,,,,,,,,,,,,,,,
Alaska,,Dan Sullivan,,Republican,(age 55),U.S. Marine Corps  officer  Lawyer,Alaska Attorney General  Assistant Secretary of State for Economic and Business Affairs,"January 3, 2015",2020,Anchorage  [3],R+9,Republican,Republican,1R,R+9,Dan Sullivan,48.0% R,Likely R,Likely R,Likely R,Likely R,Likely R,Likely R,Safe R,Likely R,1.0,6.0,0.0,0.0,0.0,0.0,0.0,0.0,0.0,Likely R,6.0,0.8571428571428571,"['48.0%', 'R']",48.0%,R
Arizona,,Kyrsten Sinema,,Democratic,(age 44),Social worker  Political activist  Lawyer  College professor,U.S. House  Arizona Senate  Arizona House of Representatives,"January 3, 2019",2024,Phoenix  [4],,,,,,,,,,,,,,,,,,,,,,,,,,,,,,
Arizona,,Martha McSally,,Republican,(age 54),"U.S. Air Force  officer  Professor,  George C. Marshall European Center for Security Studies  [5]",U.S. House,"January 3, 2019  [e]",2020  (special)  2022  (general),Tucson  [7],R+5,Republican,Both,"5D, 4R",R+5,Martha McSally,Appointed  (2019)  [e],Lean D  (flip),Tilt D  (flip),Lean D  (flip),Lean D  (flip),Lean D  (flip),Tossup,Likely D  (flip),Likely D  (flip),0.0,0.0,0.0,0.0,1.0,0.0,1.0,4.0,1.0,Lean D,4.0,0.5714285714285714,"['Appointed', '', '(2019)', '', '[e]']",Appointed,R
Arkansas,,John Boozman,,Republican,(age 69),Optometrist,U.S. House  Rogers Public Schools Board,"January 3, 2011",2022,Rogers  [8],,,,,,,,,,,,,,,,,,,,,,,,,,,,,,
Arkansas,,Tom Cotton,,Republican,(age 43),Lawyer  United States Army  officer,U.S. House,"January 3, 2015",2020,Dardanelle  [8],R+15,Republican,Republican,4R,R+15,Tom Cotton,56.5% R,Safe R,Safe R,Safe R,Safe R,Safe R,Safe R,Safe R,Safe R,7.0,0.0,0.0,0.0,0.0,0.0,0.0,0.0,0.0,Safe R,7.0,1.0,"['56.5%', 'R']",56.5%,R
California,,Dianne Feinstein,,Democratic,(age 87),Non-profit organization  fellow,"Mayor of San Francisco  San Francisco Board of Supervisors  Member, California Women's Parole Board.","November 4, 1992",2024,San Francisco  [9],,,,,,,,,,,,,,,,,,,,,,,,,,,,,,
California,,Kamala Harris,,Democratic,(age 55),Lawyer,Attorney General of California  San Francisco District Attorney,"January 3, 2017",2022,Los Angeles  [9],,,,,,,,,,,,,,,,,,,,,,,,,,,,,,
Colorado,,Michael Bennet,,Democratic,(age 55),Lawyer  Investment company executive,Denver Public Schools  Superintendent  Chief of staff to the  mayor of Denver,"January 22, 2009",2022,Denver  [10],,,,,,,,,,,,,,,,,,,,,,,,,,,,,,
Colorado,,Cory Gardner,,Republican,(age 46),Lawyer  Businessman,U.S. House  Colorado House of Representatives,"January 3, 2015",2020,Denver  [10],D+1,Democratic,Both,"4D, 3R",D+1,Cory Gardner,48.2% R,Tossup,Tilt D  (flip),Lean D  (flip),Lean D  (flip),Tossup,Tossup,Likely D  (flip),Lean D  (flip),0.0,0.0,0.0,0.0,3.0,0.0,1.0,2.0,1.0,Tossup,3.0,0.42857142857142855,"['48.2%', 'R']",48.2%,R
Connecticut,,Richard Blumenthal,,Democratic,(age 74),Marine Corps Reserve  Sergeant  Senate Staffer  Lawyer,Connecticut Attorney General  Connecticut Senate  Connecticut House of Representatives  United States Attorney,"January 3, 2011",2022,Greenwich  [11],,,,,,,,,,,,,,,,,,,,,,,,,,,,,,
Connecticut,,Chris Murphy,,Democratic,(age 47),Lawyer  Political Campaign Manager,U.S. House  Connecticut Senate  Connecticut House of Representatives,"January 3, 2013",2024,Cheshire  [11],,,,,,,,,,,,,,,,,,,,,,,,,,,,,,
Delaware,,Tom Carper,,Democratic,(age 73),"U.S. Navy officer  Staff, Delaware Office of Economic Development",Governor of Delaware  U.S. House  Delaware Treasurer,"January 3, 2001",2024,Wilmington  [12],,,,,,,,,,,,,,,,,,,,,,,,,,,,,,
Delaware,,Chris Coons,,Democratic,(age 56),Nonprofit Organization executive  Lawyer,"New Castle County, Delaware  County Executive  Member, New Castle County Council","November 15, 2010",2020,Wilmington  [12],D+6,Democratic,Democratic,1D,D+6,Chris Coons,55.8% D,Safe D,Safe D,Safe D,Safe D,Likely D,Safe D,Safe D,Safe D,0.0,0.0,0.0,0.0,0.0,6.0,1.0,0.0,0.0,Safe D,6.0,0.8571428571428571,"['55.8%', 'D']",55.8%,D
Florida,,Marco Rubio,,Republican,(age 49),Lawyer,Florida House Speaker  West Miami  City Commission,"January 3, 2011",2022,Miami,,,,,,,,,,,,,,,,,,,,,,,,,,,,,,
Florida,,Rick Scott,,Republican,(age 67),"Petty officer third class  , U.S. Navy  Lawyer  Columbia/HCA  CEO  Venture Capitalist",Governor of Florida,"January 8, 2019",2024,Naples  [13],,,,,,,,,,,,,,,,,,,,,,,,,,,,,,
Georgia,,David Perdue,,Republican,(age 70),Corporate executive,None,"January 3, 2015",2020,Sea Island  [14],R+5,Republican,Republican,"9R, 5D",R+5,David Perdue,52.9% R,Tossup,Tilt R,Lean R,Lean R,Lean R,Tossup,Lean R,Tossup,0.0,0.0,4.0,1.0,2.0,0.0,0.0,0.0,0.0,Lean R,4.0,0.5714285714285714,"['52.9%', 'R']",52.9%,R
Georgia,,Kelly Loeffler,,Republican,(age 49),Corporate executive,None,"January 6, 2020  [f]",2020  (special)  2022  (general),Atlanta,R+5,Republican,Republican,"9R, 5D",R+5,Kelly Loeffler,Appointed  (2020)  [f],Lean R,Lean R,Likely R,Lean R,Lean R,Lean R,Tossup,Lean R,0.0,1.0,5.0,0.0,1.0,0.0,0.0,0.0,0.0,Lean R,5.0,0.7142857142857143,"['Appointed', '', '(2020)', '', '[f]']",Appointed,R
Hawaii,,Brian Schatz,,Democratic,(age 47),Teacher  Nonprofit organization executive,Lieutenant Governor of Hawaii  Hawaii House of Representatives,"December 26, 2012",2022,Honolulu  [16],,,,,,,,,,,,,,,,,,,,,,,,,,,,,,
Hawaii,,Mazie Hirono,,Democratic,(age 72),Lawyer,U.S. House  Lieutenant Governor of Hawaii  Hawaii House of Representatives,"January 3, 2013",2024,Honolulu  [16],,,,,,,,,,,,,,,,,,,,,,,,,,,,,,
Idaho,,Mike Crapo,,Republican,(age 69),Lawyer,U.S. House  Idaho Senate,"January 3, 1999",2022,Idaho Falls  [17],,,,,,,,,,,,,,,,,,,,,,,,,,,,,,
Idaho,,Jim Risch,,Republican,(age 77),Professor  Rancher  Nonprofit organization executive,Governor of Idaho  Lieutenant Governor of Idaho  Idaho Senate President pro tempore,"January 3, 2009",2020,Boise  [17],R+19,Republican,Republican,2R,R+19,Jim Risch,65.3% R,Safe R,Safe R,Safe R,Safe R,Safe R,Safe R,Safe R,Safe R,7.0,0.0,0.0,0.0,0.0,0.0,0.0,0.0,0.0,Safe R,7.0,1.0,"['65.3%', 'R']",65.3%,R
Illinois,,Dick Durbin,,Democratic,(age 75),Lawyer  Professor,U.S. House,"January 3, 1997",2020,Springfield  [18],D+7,Democratic,Democratic,"13D, 5R",D+7,Dick Durbin,53.5% D,Safe D,Safe D,Safe D,Safe D,Safe D,Safe D,Safe D,Safe D,0.0,0.0,0.0,0.0,0.0,7.0,0.0,0.0,0.0,Safe D,7.0,1.0,"['53.5%', 'D']",53.5%,D
Illinois,,Tammy Duckworth,,Democratic,(age 52),"Army National Guard  Officer  Staff Supervisor,  Rotary International  Coordinator, Center for Nursing Research,  Northern Illinois University  .  [19]",U.S. House  U.S. Assistant Secretary of Veterans Affairs  Illinois Director of Veterans Affairs,"January 3, 2017",2022,Hoffman Estates  [18],,,,,,,,,,,,,,,,,,,,,,,,,,,,,,
Indiana,,Todd Young,,Republican,(age 48),Marine Corps Officer  Professor  Consultant,U.S. House,"January 3, 2017",2022,Bloomington,,,,,,,,,,,,,,,,,,,,,,,,,,,,,,
Indiana,,Mike Braun,,Republican,(age 66),Businessman,"Indiana House of Representatives  Member,  Jasper, Indiana  School Board","January 3, 2019",2024,Jasper  [20],,,,,,,,,,,,,,,,,,,,,,,,,,,,,,
Iowa,,Chuck Grassley,,Republican,(age 86),Farmer  College professor,U.S. House  Iowa House of Representatives,"January 3, 1981",2022,New Hartford  [21],,,,,,,,,,,,,,,,,,,,,,,,,,,,,,
Iowa,,Joni Ernst,,Republican,(age 50),Farmer  Army National Guard officer,Iowa Senate,"January 3, 2015",2020,Red Oak  [21],R+3,Republican,Republican,"3D, 1R",R+3,Joni Ernst,52.1% R,Tossup,Tossup,Tossup,Tossup,Tossup,Tossup,Tossup,Tossup,0.0,0.0,0.0,0.0,7.0,0.0,0.0,0.0,0.0,Tossup,7.0,1.0,"['52.1%', 'R']",52.1%,R
Kansas,,Pat Roberts,,Republican,(age 84),United States Marine Corps  officer  Journalist  U.S. Senate staff member  U.S. House staff member,U.S. House,"January 3, 1997",2020,Dodge City  [22],,,,,,,,,,,,,,,,,,,,,,,,,,,,,,
Kansas,,Jerry Moran,,Republican,(age 66),Banker  Lawyer,U.S. House  Kansas Senate,"January 3, 2011",2022,Hays  [22],,,,,,,,,,,,,,,,,,,,,,,,,,,,,,
Kentucky,,Mitch McConnell,,Republican,(age 78),Lawyer  U.S. Senate staff member,U.S. Department of Justice Office of Legislative Affairs  Jefferson County Judge/Executive,"January 3, 1985",2020,Louisville  [23],R+15,Democratic,Republican,"5R, 1D",R+15,Mitch McConnell,56.2% R,Likely R,Safe R,Likely R,Safe R,Likely R,Likely R,Likely R,Likely R,2.0,5.0,0.0,0.0,0.0,0.0,0.0,0.0,0.0,Likely R,5.0,0.7142857142857143,"['56.2%', 'R']",56.2%,R
Kentucky,,Rand Paul,,Republican,(age 57),Ophthalmologist,None,"January 3, 2011",2022,Bowling Green  [23],,,,,,,,,,,,,,,,,,,,,,,,,,,,,,
Louisiana,,Bill Cassidy,,Republican,(age 62),Physician,U.S. House  Louisiana Senate,"January 3, 2015",2020,Baton Rouge  [24],R+11,Democratic,Republican,"5R, 1D",R+11,Bill Cassidy,55.9% R,Safe R,Safe R,Safe R,Safe R,Safe R,Safe R,Safe R,Safe R,7.0,0.0,0.0,0.0,0.0,0.0,0.0,0.0,0.0,Safe R,7.0,1.0,"['55.9%', 'R']",55.9%,R
Louisiana,,John Kennedy,,Republican,(age 68),Magazine editor  Lawyer  Professor  Staff of Louisiana Governor  Buddy Roemer,"Louisiana Treasurer  Secretary, Louisiana Department of Revenue","January 3, 2017",2022,Madisonville  [24],,,,,,,,,,,,,,,,,,,,,,,,,,,,,,
Maine,,Susan Collins,,Republican,(age 67),"House staffer  Senate staffer  Regional director,  SBA  Nonprofit organization executive","Deputy  Treasurer, MA  Professional and Financial Regulation Commissioner, ME","January 3, 1997",2020,Bangor  [25],D+3,Democratic,Both*,2D,D+3,Susan Collins,68.5% R,Tossup,Tossup,Tossup,Tossup,Tossup,Tossup,Likely D  (flip),Lean D  (flip),0.0,0.0,0.0,0.0,6.0,0.0,1.0,0.0,0.0,Tossup,6.0,0.8571428571428571,"['68.5%', 'R']",68.5%,R
Maine,,Angus King,,Independent  [a],(age 76),Lawyer  Senate staffer  Business founder  Corporate executive  Public television news program host,Governor of Maine,"January 3, 2013",2024,Brunswick,,,,,,,,,,,,,,,,,,,,,,,,,,,,,,
Maryland,,Ben Cardin,,Democratic,(age 76),Lawyer,U.S. House  Speaker of the Maryland House of Delegates,"January 3, 2007",2024,Baltimore  [26],,,,,,,,,,,,,,,,,,,,,,,,,,,,,,
Maryland,,Chris Van Hollen,,Democratic,(age 61),U.S. Senate staff member  Maryland Governor's legislative advisor  Lawyer,U.S. House  Maryland General Assembly,"January 3, 2017",2022,Kensington  [26],,,,,,,,,,,,,,,,,,,,,,,,,,,,,,
Massachusetts,,Elizabeth Warren,,Democratic,(age 71),Lawyer  Professor  Research associate  Nonprofit organization executive,COP  Chair  CFPB  Special Advisor,"January 3, 2013",2024,Cambridge  [27],,,,,,,,,,,,,,,,,,,,,,,,,,,,,,
Massachusetts,,Ed Markey,,Democratic,(age 74),"Member,  United States Army Reserve  Lawyer",U.S. House  Massachusetts House of Representatives,"July 16, 2013  [g]",2020,Malden  [27],D+12,Republican,Democratic,9D,D+12,Ed Markey,61.9% D,Safe D,Safe D,Safe D,Safe D,Safe D,Safe D,Safe D,Safe D,0.0,0.0,0.0,0.0,0.0,7.0,0.0,0.0,0.0,Safe D,7.0,1.0,"['61.9%', 'D']",61.9%,D
Michigan,,Debbie Stabenow,,Democratic,(age 70),Social worker  Leadership training consultant,U.S. House  Michigan House of Representatives  Michigan Senate,"January 3, 2001",2024,Lansing  [29],,,,,,,,,,,,,,,,,,,,,,,,,,,,,,
Michigan,,Gary Peters,,Democratic,(age 61),United States Navy Reserve officer  Financial advisor  Lawyer  College professor and lecturer,U.S. House  Michigan Senate,"January 3, 2015",2020,Bloomfield Hills  [29],D+1,Democratic,Democratic,"7D, 6R, 1L",D+1,Gary Peters,54.6% D,Lean D,Lean D,Lean D,Lean D,Lean D,Tossup,Safe D,Lean D,0.0,0.0,0.0,0.0,1.0,1.0,0.0,5.0,0.0,Lean D,5.0,0.7142857142857143,"['54.6%', 'D']",54.6%,D
Minnesota,,Amy Klobuchar,,Democratic,(age 60),Lawyer,"Hennepin County, Minnesota  County Attorney","January 3, 2007",2024,Minneapolis  [30],,,,,,,,,,,,,,,,,,,,,,,,,,,,,,
Minnesota,,Tina Smith,,Democratic,(age 62),Public relations consultant  Nonprofit organization executive  Chief of staff to the  Governor of Minnesota,Lieutenant Governor of Minnesota,"January 3, 2018  [h]",2020,Minneapolis  [30],D+1,Democratic,Democratic,"5D, 3R",D+1,Tina Smith,53.0% D  (2018 special)  [g],Safe D,Safe D,Likely D,Likely D,Likely D,Tossup,Safe D,Lean D,0.0,0.0,0.0,0.0,1.0,3.0,3.0,0.0,0.0,Likely D,3.0,0.42857142857142855,"['53.0%', 'D', '', '(2018', 'special)', ' [g]']",53.0%,D
Mississippi,,Roger Wicker,,Republican,(age 69),U.S. Air Force  officer/Judge Advocate  U.S. House staffer  Lawyer,U.S. House  Mississippi Senate,"December 31, 2007",2024,Tupelo  [32],,,,,,,,,,,,,,,,,,,,,,,,,,,,,,
Mississippi,,Cindy Hyde-Smith,,Republican,(age 61),Farmer,Mississippi Commissioner of Agriculture and Commerce  Mississippi Senate,"April 9, 2018  [i]",2020,Brookhaven,R+9,Republican,Republican,"3R, 1D",R+9,Cindy Hyde-Smith,53.6% R  (2018 special)  [h],Safe R,Safe R,Safe R,Safe R,Likely R,Likely R,Safe R,Safe R,5.0,2.0,0.0,0.0,0.0,0.0,0.0,0.0,0.0,Safe R,5.0,0.7142857142857143,"['53.6%', 'R', '', '(2018', 'special)', ' [h]']",53.6%,R
Missouri,,Roy Blunt,,Republican,(age 70),University president,"U.S. House  Missouri Secretary of State  Greene County, Missouri  Clerk","January 3, 2011",2022,Springfield,,,,,,,,,,,,,,,,,,,,,,,,,,,,,,
Missouri,,Josh Hawley,,Republican,(age 40),Lawyer  Professor,Attorney General of Missouri,"January 3, 2019",2024,Ashland  [33]  [34],,,,,,,,,,,,,,,,,,,,,,,,,,,,,,
Montana,,Jon Tester,,Democratic,(age 64),Music teacher  Farmer,"Montana Senate  President  Big Sandy, Montana  School Board","January 3, 2007",2024,Big Sandy,,,,,,,,,,,,,,,,,,,,,,,,,,,,,,
Montana,,Steve Daines,,Republican,(age 58),Businessman,U.S. House,"January 3, 2015",2020,Bozeman,R+11,Democratic,Both,1R,R+11,Steve Daines,57.9% R,Tossup,Tossup,Lean R,Lean R,Tossup,Tossup,Tossup,Lean R,0.0,0.0,2.0,0.0,5.0,0.0,0.0,0.0,0.0,Tossup,5.0,0.7142857142857143,"['57.9%', 'R']",57.9%,R
Nebraska,,Deb Fischer,,Republican,(age 69),Rancher,Nebraska Legislature,"January 3, 2013",2024,Valentine,,,,,,,,,,,,,,,,,,,,,,,,,,,,,,
Nebraska,,Ben Sasse,,Republican,(age 48),Management consultant  Nonprofit organization executive  House staffer  Professor  University president,Assistant Secretary for Planning and Evaluation  (  HHS  ),"January 3, 2015",2020,Fremont,R+14,Republican,Republican,3R,R+14,Ben Sasse,64.5% R,Safe R,Safe R,Safe R,Safe R,Safe R,Safe R,Safe R,Safe R,7.0,0.0,0.0,0.0,0.0,0.0,0.0,0.0,0.0,Safe R,7.0,1.0,"['64.5%', 'R']",64.5%,R
Nevada,,Catherine Cortez Masto,,Democratic,(age 56),Lawyer,Nevada Attorney General,"January 3, 2017",2022,Las Vegas,,,,,,,,,,,,,,,,,,,,,,,,,,,,,,
Nevada,,Jacky Rosen,,Democratic,(age 63),"Computer programmer  Software developer, designer, consultant  [35]  [36]",U.S. House,"January 3, 2019",2024,Henderson  [35],,,,,,,,,,,,,,,,,,,,,,,,,,,,,,
New Hampshire,,Jeanne Shaheen,,Democratic,(age 73),Teacher  Entrepreneur,Governor of New Hampshire  New Hampshire Senate,"January 3, 2009",2020,Madbury,EVEN,Republican,Democratic,2D,D+1,Jeanne Shaheen,51.5% D,Safe D,Safe D,Likely D,Likely D,Likely D,Lean D,Safe D,Safe D,0.0,0.0,0.0,0.0,0.0,3.0,3.0,1.0,0.0,Likely D,3.0,0.42857142857142855,"['51.5%', 'D']",51.5%,D
New Hampshire,,Maggie Hassan,,Democratic,(age 62),Lawyer,Governor of New Hampshire  New Hampshire Senate,"January 3, 2017",2022,Newfields,,,,,,,,,,,,,,,,,,,,,,,,,,,,,,
New Jersey,,Bob Menendez,,Democratic,(age 66),Lawyer,U.S. House  New Jersey General Assembly  New Jersey Senate,"January 18, 2006",2024,Hoboken,,,,,,,,,,,,,,,,,,,,,,,,,,,,,,
New Jersey,,Cory Booker,,Democratic,(age 51),Lawyer,"Mayor of Newark, New Jersey  Newark Municipal Council","October 31, 2013  [j]",2020,Newark,D+7,Democratic,Democratic,"10D, 2R",D+7,Cory Booker,55.8% D,Safe D,Safe D,Safe D,Safe D,Safe D,Likely D,Safe D,Safe D,0.0,0.0,0.0,0.0,0.0,6.0,1.0,0.0,0.0,Safe D,6.0,0.8571428571428571,"['55.8%', 'D']",55.8%,D
New Mexico,,Tom Udall,,Democratic,(age 72),Lawyer,U.S. House  Attorney General of New Mexico  Assistant U.S. Attorney,"January 3, 2009",2020,Santa Fe,,,,,,,,,,,,,,,,,,,,,,,,,,,,,,
New Mexico,,Martin Heinrich,,Democratic,(age 48),Nonprofit  organization executive  Public relations consultant,U.S. House  Albuquerque City Council,"January 3, 2013",2024,Albuquerque,,,,,,,,,,,,,,,,,,,,,,,,,,,,,,
New York,,Chuck Schumer,,Democratic,(age 69),Lawyer,U.S. House  New York State Assembly,"January 3, 1999",2022,Brooklyn,,,,,,,,,,,,,,,,,,,,,,,,,,,,,,
New York,,Kirsten Gillibrand,,Democratic,(age 53),Lawyer,U.S. House  U.S. HUD  special counsel,"January 26, 2009",2024,Hudson,,,,,,,,,,,,,,,,,,,,,,,,,,,,,,
North Carolina,,Richard Burr,,Republican,(age 64),Sales manager  Nonprofit organization executive,U.S. House,"January 3, 2005",2022,Winston-Salem,,,,,,,,,,,,,,,,,,,,,,,,,,,,,,
North Carolina,,Thom Tillis,,Republican,(age 60),Business consultant,Speaker of the North Carolina House of Representatives,"January 3, 2015",2020,Huntersville,R+3,Democratic,Republican,"10R, 3D",R+3,Thom Tillis,48.8% R,Tossup,Tossup,Tossup,Tossup,Tossup,Tossup,Lean D  (flip),Tossup,0.0,0.0,0.0,0.0,6.0,0.0,0.0,1.0,0.0,Tossup,6.0,0.8571428571428571,"['48.8%', 'R']",48.8%,R
North Dakota,,John Hoeven,,Republican,(age 63),Banker,Governor of North Dakota,"January 3, 2011",2022,Bismarck,,,,,,,,,,,,,,,,,,,,,,,,,,,,,,
North Dakota,,Kevin Cramer,,Republican,(age 59),State Tourism Director  State Economic Development and Finance Director  Former  North Dakota Republican Party  Chairman,U.S. House  North Dakota Public Service Commissioner,"January 3, 2019",2024,Bismarck  [38],,,,,,,,,,,,,,,,,,,,,,,,,,,,,,
Ohio,,Sherrod Brown,,Democratic,(age 67),Teacher,U.S. House  Ohio Secretary of State  Ohio House of Representatives,"January 3, 2007",2024,Lorain,,,,,,,,,,,,,,,,,,,,,,,,,,,,,,
Ohio,,Rob Portman,,Republican,(age 64),Lawyer,U.S. House  U.S. Trade Representative  Director of the Office of Management and Budget,"January 3, 2011",2022,Terrace Park,,,,,,,,,,,,,,,,,,,,,,,,,,,,,,
Oklahoma,,Jim Inhofe,,Republican,(age 85),"Specialist Fourth Class  , U.S. Army  Businessman  Real estate developer  Corporate executive","U.S. House  Mayor of Tulsa, Oklahoma  Oklahoma Senate  Oklahoma House of Representatives","November 17, 1994",2020,Tulsa,R+20,Republican,Republican,"4R, 1D",R+20,Jim Inhofe,68.0% R,Safe R,Safe R,Safe R,Safe R,Safe R,Safe R,Safe R,Safe R,7.0,0.0,0.0,0.0,0.0,0.0,0.0,0.0,0.0,Safe R,7.0,1.0,"['68.0%', 'R']",68.0%,R
Oklahoma,,James Lankford,,Republican,(age 52),Teacher  Nonprofit program director,U.S. House,"January 3, 2015",2022,Edmond,,,,,,,,,,,,,,,,,,,,,,,,,,,,,,
Oregon,,Ron Wyden,,Democratic,(age 71),Teacher  Nonprofit organization executive,U.S. House,"February 6, 1996",2022,Portland,,,,,,,,,,,,,,,,,,,,,,,,,,,,,,
Oregon,,Jeff Merkley,,Democratic,(age 63),"Nonprofit organization executive  CBO analyst,  Defense Department",Oregon House Speaker,"January 3, 2009",2020,Portland,D+5,Democratic,Democratic,"4D, 1R",D+5,Jeff Merkley,55.7% D,Safe D,Safe D,Safe D,Safe D,Safe D,Safe D,Safe D,Safe D,0.0,0.0,0.0,0.0,0.0,7.0,0.0,0.0,0.0,Safe D,7.0,1.0,"['55.7%', 'D']",55.7%,D
Pennsylvania,,Bob Casey Jr.,,Democratic,(age 60),Teacher  Lawyer,Pennsylvania Treasurer  Pennsylvania Auditor,"January 3, 2007",2024,Scranton,,,,,,,,,,,,,,,,,,,,,,,,,,,,,,
Pennsylvania,,Pat Toomey,,Republican,(age 58),Currency trader  Restaurant owner,U.S. House,"January 3, 2011",2022,Zionsville,,,,,,,,,,,,,,,,,,,,,,,,,,,,,,
Rhode Island,,Jack Reed,,Democratic,(age 70),Lawyer  Army Reserve officer  Army officer,U.S. House  Rhode Island Senate,"January 3, 1997",2020,Jamestown,D+10,Democratic,Democratic,2D,D+10,Jack Reed,70.6% D,Safe D,Safe D,Safe D,Safe D,Safe D,Safe D,Safe D,Safe D,0.0,0.0,0.0,0.0,0.0,7.0,0.0,0.0,0.0,Safe D,7.0,1.0,"['70.6%', 'D']",70.6%,D
Rhode Island,,Sheldon Whitehouse,,Democratic,(age 64),Lawyer,Attorney General of Rhode Island  United States Attorney,"January 3, 2007",2024,Newport,,,,,,,,,,,,,,,,,,,,,,,,,,,,,,
South Carolina,,Lindsey Graham,,Republican,(age 65),Lawyer  Air Force Reserve officer,U.S. House  South Carolina House of Representatives,"January 3, 2003",2020,Seneca,R+8,Republican,Republican,"5R, 2D",R+8,Lindsey Graham,55.3% R,Lean R,Likely R,Likely R,Likely R,Likely R,Tossup,Lean R,Tossup,0.0,4.0,2.0,0.0,1.0,0.0,0.0,0.0,0.0,Likely R,4.0,0.5714285714285714,"['55.3%', 'R']",55.3%,R
South Carolina,,Tim Scott,,Republican,(age 54),Insurance agent  Financial adviser,"U.S. House  South Carolina House of Representatives  Charleston County, South Carolina  Council","January 2, 2013",2022,North Charleston,,,,,,,,,,,,,,,,,,,,,,,,,,,,,,
South Dakota,,John Thune,,Republican,(age 59),Nonprofit organization executive  State Railroad Director,U.S. House  South Dakota Republican Party  Executive Director,"January 3, 2005",2022,Sioux Falls,,,,,,,,,,,,,,,,,,,,,,,,,,,,,,
South Dakota,,Mike Rounds,,Republican,(age 65),Businessman,Governor of South Dakota  South Dakota Senate,"January 3, 2015",2020,Fort Pierre,R+14,Republican,Republican,1R,R+14,Mike Rounds,50.4% R,Safe R,Safe R,Safe R,Safe R,Safe R,Safe R,Safe R,Safe R,7.0,0.0,0.0,0.0,0.0,0.0,0.0,0.0,0.0,Safe R,7.0,1.0,"['50.4%', 'R']",50.4%,R
Tennessee,,Lamar Alexander,,Republican,(age 80),Senate staffer  White House  staffer  Lawyer  Businessman,Governor of Tennessee  U.S. Secretary of Education,"January 3, 2003",2020,Maryville,,,,,,,,,,,,,,,,,,,,,,,,,,,,,,
Tennessee,,Marsha Blackburn,,Republican,(age 68),"Marketing consultant  Executive Director of the Tennessee Film, Entertainment, and Music Commission  Former  Williamson County, Tennessee  Republican Party Chairwoman",U.S. House  Tennessee Senate,"January 3, 2019",2024,Brentwood  [39],,,,,,,,,,,,,,,,,,,,,,,,,,,,,,
Texas,,John Cornyn,,Republican,(age 68),Lawyer,San Antonio District Judge  Texas Attorney General  Texas Supreme Court  (Associate Justice),"December 2, 2002",2020,San Antonio,R+8,Republican,Republican,"23R, 13D",R+8,John Cornyn,61.6% R,Likely R,Lean R,Likely R,Likely R,Lean R,Lean R,Lean R,Lean R,0.0,3.0,4.0,0.0,0.0,0.0,0.0,0.0,0.0,Lean R,4.0,0.5714285714285714,"['61.6%', 'R']",61.6%,R
Texas,,Ted Cruz,,Republican,(age 49),Lawyer,U.S. Assoc. Deputy AG  Texas Solicitor General,"January 3, 2013",2024,Houston,,,,,,,,,,,,,,,,,,,,,,,,,,,,,,
Utah,,Mike Lee,,Republican,(age 49),Lawyer  Governor's general counsel,Assistant United States Attorney,"January 3, 2011",2022,Alpine,,,,,,,,,,,,,,,,,,,,,,,,,,,,,,
Utah,,Mitt Romney,,Republican,(age 73),Businessman,Governor of Massachusetts,"January 3, 2019",2024,Holladay  [40],,,,,,,,,,,,,,,,,,,,,,,,,,,,,,
Vermont,,Patrick Leahy,,Democratic,(age 80),Lawyer,"State's Attorney  ,  Chittenden County, Vermont","January 3, 1975",2022,Middlesex,,,,,,,,,,,,,,,,,,,,,,,,,,,,,,
Vermont,,Bernie Sanders,,Independent  [a],(age 78),Filmmaker  Writer  Political activist,"U.S. House  Mayor of Burlington, Vermont","January 3, 2007",2024,Burlington,,,,,,,,,,,,,,,,,,,,,,,,,,,,,,
Virginia,,Mark Warner,,Democratic,(age 65),Businessman  Venture capitalist,Governor of Virginia  Virginia Democratic Party  Chair,"January 3, 2009",2020,Alexandria,D+1,Democratic,Democratic,"7D, 4R",D+1,Mark Warner,49.1% D,Safe D,Safe D,Safe D,Safe D,Likely D,Likely D,Safe D,Safe D,0.0,0.0,0.0,0.0,0.0,5.0,2.0,0.0,0.0,Safe D,5.0,0.7142857142857143,"['49.1%', 'D']",49.1%,D
Virginia,,Tim Kaine,,Democratic,(age 62),Missionary  Lawyer  Teacher,"Governor of Virginia  Lt. Governor of Virginia  Chair of the  Democratic National Committee  Mayor of Richmond, Virginia","January 3, 2013",2024,Richmond,,,,,,,,,,,,,,,,,,,,,,,,,,,,,,
Washington,,Patty Murray,,Democratic,(age 69),Teacher  Lobbyist,Washington Senate  Shoreline School  Board,"January 3, 1993",2022,Seattle,,,,,,,,,,,,,,,,,,,,,,,,,,,,,,
Washington,,Maria Cantwell,,Democratic,(age 61),Marketing vice president,U.S. House  Washington House of Representatives,"January 3, 2001",2024,Edmonds,,,,,,,,,,,,,,,,,,,,,,,,,,,,,,
West Virginia,,Joe Manchin,,Democratic,(age 73),Corporate executive,Governor of West Virginia  Secretary of State of West Virginia  West Virginia House of Delegates  West Virginia Senate,"November 15, 2010",2024,Charleston,,,,,,,,,,,,,,,,,,,,,,,,,,,,,,
West Virginia,,Shelley Moore Capito,,Republican,(age 66),"College career counselor  Director, state Board of Regents educational information center",U.S. House  West Virginia House of Delegates,"January 3, 2015",2020,Charleston,R+19,Republican,Both,3R,R+19,Shelley Moore Capito,62.1% R,Safe R,Safe R,Safe R,Safe R,Safe R,Safe R,Safe R,Safe R,7.0,0.0,0.0,0.0,0.0,0.0,0.0,0.0,0.0,Safe R,7.0,1.0,"['62.1%', 'R']",62.1%,R
Wisconsin,,Ron Johnson,,Republican,(age 65),Accountant  Corporate executive,None,"January 3, 2011",2022,Oshkosh,,,,,,,,,,,,,,,,,,,,,,,,,,,,,,
Wisconsin,,Tammy Baldwin,,Democratic,(age 58),Lawyer,"U.S. House  Wisconsin Assembly  Dane County, Wisconsin  Board of Supervisors","January 3, 2013",2024,Madison,,,,,,,,,,,,,,,,,,,,,,,,,,,,,,
Wyoming,,Mike Enzi,,Republican,(age 76),"Nonprofit organization executive  Accountant  CEO  Member,  Air National Guard",Wyoming House of Representatives  Wyoming Senate,"January 3, 1997",2020,Gillette,,,,,,,,,,,,,,,,,,,,,,,,,,,,,,
Wyoming,,John Barrasso,,Republican,(age 68),Orthopedic surgeon  Medical chief of staff  Nonprofit organization executive,Wyoming Senate,"June 25, 2007",2024,Casper,,,,,,,,,,,,,,,,,,,,,,,,,,,,,,
